;file;tag
0;word/1/1.jpg;self
1;word/1/2.jpg;adhesive
2;word/1/3.jpg;address
3;word/1/4.jpg;labels
4;word/1/5.jpg;36
5;word/1/6.jpg;89m
6;word/1/7.jpg;cls
7;word/1/8.jpg;250
8;word/1/9.jpg;on
9;word/1/10.jpg;a
10;word/1/11.jpg;roll
11;word/1/12.jpg;Natwest
12;word/1/13.jpg;GREEK
13;word/1/14.jpg;GASTRONOMY
14;word/1/15.jpg;COOKERY
15;word/1/16.jpg;WINES
16;word/1/17.jpg;LOCAL
17;word/1/18.jpg;TOUBRS
18;word/1/19.jpg;SPECIALTIES
19;word/1/20.jpg;FESTIVE
20;word/1/21.jpg;RECIPES
21;word/1/22.jpg;ILLUSTRATED
22;word/1/23.jpg;83
23;word/1/24.jpg;73
24;word/1/25.jpg;The
25;word/1/26.jpg;HOUSE
26;word/1/27.jpg;of
27;word/1/28.jpg;the
28;word/1/29.jpg;SPIRITS
29;word/1/30.jpg;ISABEL
30;word/1/31.jpg;ALLENDE
31;word/1/32.jpg;Intensely
32;word/1/33.jpg;moving
33;word/1/34.jpg;Both
34;word/1/35.jpg;entertaining
35;word/1/36.jpg;and
36;word/1/37.jpg;deeply
37;word/1/38.jpg;serious
38;word/1/39.jpg;Evening
39;word/1/40.jpg;Standard
40;word/1/41.jpg;DIGItaL
41;word/1/42.jpg;muLtImeDIa
42;word/1/43.jpg;WILEY
43;word/1/44.jpg;Nigel
44;word/1/45.jpg;Chapman
45;word/1/46.jpg;and
46;word/1/47.jpg;Jenny
47;word/1/48.jpg;Chapman
48;word/1/49.jpg;Software
49;word/1/50.jpg;Design
50;word/1/51.jpg;for
51;word/1/52.jpg;Real-time
52;word/1/53.jpg;Systems
53;word/1/54.jpg;J
54;word/1/55.jpg;E
55;word/1/56.jpg;COOLING
56;word/1/57.jpg;Nokia
57;word/1/58.jpg;adapter
58;word/1/59.jpg;Cable
59;word/1/60.jpg;DLR
60;word/1/61.jpg;3P
61;word/1/62.jpg;A4382
62;word/1/63.jpg;Nokia
63;word/1/64.jpg;6210
64;word/1/65.jpg;DLR
65;word/1/66.jpg;3P
66;word/1/67.jpg;Data
67;word/1/68.jpg;Cable
68;word/1/69.jpg;Professional
69;word/1/70.jpg;Issues
70;word/1/71.jpg;in
71;word/1/72.jpg;Software
72;word/1/73.jpg;Engineering
73;word/1/74.jpg;frank
74;word/1/75.jpg;bott
75;word/1/76.jpg;allison
76;word/1/77.jpg;coleman
77;word/1/78.jpg;jack
78;word/1/79.jpg;eaton
79;word/1/80.jpg;diane
80;word/1/81.jpg;rowland
81;word/1/82.jpg;THIRD
82;word/1/83.jpg;EDITION
83;word/1/84.jpg;SILBERSCHATZ
84;word/1/85.jpg;GALVIN
85;word/1/86.jpg;OPERATING
86;word/1/87.jpg;SYSTEM
87;word/1/88.jpg;CONCEPTS
88;word/1/89.jpg;Fifth
89;word/1/90.jpg;Edition
90;word/1/91.jpg;SYSTEMS
91;word/1/92.jpg;SERIES
92;word/1/93.jpg;Systems
93;word/1/94.jpg;Analysis
94;word/1/95.jpg;Design
95;word/1/96.jpg;stems
96;word/1/97.jpg;ID
97;word/1/98.jpg;MASON
98;word/1/99.jpg;LESLIE
99;word/1/100.jpg;WILLCOCKS
100;word/2/101.jpg;BUSINESS
101;word/2/102.jpg;STRATEGY
102;word/2/103.jpg;IT
103;word/2/104.jpg;STRATEGY
104;word/2/105.jpg;iNFORMATION
105;word/2/106.jpg;under
106;word/2/107.jpg;wear
107;word/2/108.jpg;S
108;word/2/109.jpg;ALAN
109;word/2/110.jpg;CLEMENTS
110;word/2/111.jpg;T
111;word/2/112.jpg;rinciples
112;word/2/113.jpg;of
113;word/2/114.jpg;omputer
114;word/2/115.jpg;Hardware
115;word/2/116.jpg;SECOND
116;word/2/117.jpg;EDITION
117;word/2/118.jpg;Software
118;word/2/119.jpg;Engineering
119;word/2/120.jpg;Ian
120;word/2/121.jpg;Sommerville
121;word/2/122.jpg;vaio
122;word/2/123.jpg;go
123;word/2/124.jpg;create
124;word/2/125.jpg;SONY
125;word/2/126.jpg;conditions
126;word/2/127.jpg;Handle
127;word/2/128.jpg;with
128;word/2/129.jpg;care
129;word/2/130.jpg;pleaes
130;word/2/131.jpg;return
131;word/2/132.jpg;to
132;word/2/133.jpg;Future
133;word/2/134.jpg;Publishing
134;word/2/135.jpg;Ltd
135;word/2/136.jpg;Somerton
136;word/2/137.jpg;TA11
137;word/2/138.jpg;6TB
138;word/2/139.jpg;United
139;word/2/140.jpg;Kingdom
140;word/2/141.jpg;HSBC
141;word/2/142.jpg;EDITION
142;word/2/143.jpg;SYSTEMS
143;word/2/144.jpg;DATABASE
144;word/2/145.jpg;AN
145;word/2/146.jpg;INTRODUCTION
146;word/2/147.jpg;TO
147;word/2/148.jpg;C.J.
148;word/2/149.jpg;DATE
149;word/2/150.jpg;SIXTH
150;word/2/151.jpg;STUART
151;word/2/152.jpg;RUSSELL
152;word/2/153.jpg;PETER
153;word/2/154.jpg;NORVIG
154;word/2/155.jpg;INTELLIGENCE
155;word/2/156.jpg;RTIFICIAL
156;word/2/157.jpg;A
157;word/2/158.jpg;MODERN
158;word/2/159.jpg;APPROACH
159;word/2/160.jpg;essence
160;word/2/161.jpg;of
161;word/2/162.jpg;computing
162;word/2/163.jpg;THE
163;word/2/164.jpg;ESSENCE
164;word/2/165.jpg;OF
165;word/2/166.jpg;ARTIFICIAL
166;word/2/167.jpg;INTELLIGENCE
167;word/2/168.jpg;Students
168;word/2/169.jpg;Engineering
169;word/2/170.jpg;for
170;word/2/171.jpg;Communication
171;word/2/172.jpg;o
172;word/2/173.jpg;C
173;word/2/174.jpg;i
174;word/2/175.jpg;INTERNATIONAL
175;word/2/176.jpg;COMPUTER
176;word/2/177.jpg;SCIENCE
177;word/2/178.jpg;SERIES
178;word/2/179.jpg;DISCRETE
179;word/2/180.jpg;MATHEMATICS
180;word/2/181.jpg;COMPUTER
181;word/2/182.jpg;FOR
182;word/2/183.jpg;SCIENTISTS
183;word/2/184.jpg;release
184;word/2/185.jpg;of
185;word/2/186.jpg;NET
186;word/2/187.jpg;v10
187;word/2/188.jpg;Marco
188;word/2/189.jpg;Bellinaso
189;word/2/190.jpg;and
190;word/2/191.jpg;Kevin
191;word/2/192.jpg;Hoffman
192;word/2/193.jpg;WROX
193;word/2/194.jpg;wrox
194;word/2/195.jpg;technical
195;word/2/196.jpg;support
196;word/2/197.jpg;at
197;word/2/198.jpg;support
198;word/2/199.jpg;wroxcom
199;word/2/200.jpg;Updates
200;word/3/201.jpg;and
201;word/3/202.jpg;source
202;word/3/203.jpg;code
203;word/3/204.jpg;at
204;word/3/205.jpg;www
205;word/3/206.jpg;wroxcom
206;word/3/207.jpg;wroxcom
207;word/3/208.jpg;Peer
208;word/3/209.jpg;discussion
209;word/3/210.jpg;at
210;word/3/211.jpg;p2p
211;word/3/212.jpg;Programmer
212;word/3/213.jpg;to
213;word/3/214.jpg;Programmer
214;word/3/215.jpg;ASPNET
215;word/3/216.jpg;Website
216;word/3/217.jpg;Programming
217;word/3/218.jpg;Problem
218;word/3/219.jpg;Design
219;word/3/220.jpg;Solution
220;word/3/221.jpg;Written
221;word/3/222.jpg;and
222;word/3/223.jpg;tested
223;word/3/224.jpg;for
224;word/3/225.jpg;final
225;word/3/226.jpg;WOLFGANG
226;word/3/227.jpg;EMMERICH
227;word/3/228.jpg;Engin
228;word/3/229.jpg;ing
229;word/3/230.jpg;Distributed
230;word/3/231.jpg;Objects
231;word/3/232.jpg;LIGHTS
232;word/3/233.jpg;Marlboro
233;word/3/234.jpg;autumn
234;word/3/235.jpg;winter
235;word/3/236.jpg;2001
236;word/3/237.jpg;Argos
237;word/3/238.jpg;Philips
238;word/3/239.jpg;fisio
239;word/3/240.jpg;820e
240;word/3/241.jpg;Inspiring
241;word/3/242.jpg;scenes
242;word/3/243.jpg;the
243;word/3/244.jpg;Edinburg
244;word/3/245.jpg;festivals
245;word/3/246.jpg;most
246;word/3/247.jpg;ESPMOTO
247;word/3/248.jpg;Experience
248;word/3/249.jpg;the
249;word/3/250.jpg;Revolution
250;word/3/251.jpg;with
251;word/3/252.jpg;Orange
252;word/3/253.jpg;To
253;word/3/254.jpg;order
254;word/3/255.jpg;your
255;word/3/256.jpg;v70e
256;word/3/257.jpg;on
257;word/3/258.jpg;Orange
258;word/3/259.jpg;please
259;word/3/260.jpg;call
260;word/3/261.jpg;150
261;word/3/262.jpg;and
262;word/3/263.jpg;press
263;word/3/264.jpg;orange
264;word/3/265.jpg;SUMMER
265;word/3/266.jpg;2002
266;word/3/267.jpg;orange
267;word/3/268.jpg;SOUNDS
268;word/3/269.jpg;OF
269;word/3/270.jpg;SUMMER
270;word/3/271.jpg;events
271;word/3/272.jpg;music
272;word/3/273.jpg;live
273;word/3/274.jpg;best
274;word/3/275.jpg;The
275;word/3/276.jpg;O
276;word/3/277.jpg;he's
277;word/3/278.jpg;Building
278;word/3/279.jpg;Web
279;word/3/280.jpg;Services
280;word/3/281.jpg;with
281;word/3/282.jpg;Java
282;word/3/283.jpg;TM
283;word/3/284.jpg;Making
284;word/3/285.jpg;Sence
285;word/3/286.jpg;of
286;word/3/287.jpg;XML
287;word/3/288.jpg;SOAP
288;word/3/289.jpg;WSDL
289;word/3/290.jpg;and
290;word/3/291.jpg;UDDI
291;word/3/292.jpg;AIRCRAFT
292;word/3/293.jpg;AND
293;word/3/294.jpg;BLAST
294;word/3/295.jpg;CAN
295;word/3/296.jpg;CAUSE
296;word/3/297.jpg;DEPARTING
297;word/3/298.jpg;FLYING
298;word/3/299.jpg;INJURY
299;word/3/300.jpg;LOW
300;word/4/301.jpg;PHYSICAL
301;word/4/302.jpg;WARNING!
302;word/4/303.jpg;ALLIGATOR
303;word/4/304.jpg;BEWARE
304;word/4/305.jpg;TEETH
305;word/4/306.jpg;"(412"")"
306;word/4/307.jpg;115mm
307;word/4/308.jpg;caution
308;word/4/309.jpg;Height
309;word/4/310.jpg;Proceed
310;word/4/311.jpg;raised
311;word/4/312.jpg;when
312;word/4/313.jpg;with
313;word/4/314.jpg;Beardwell
314;word/4/315.jpg;construction
315;word/4/316.jpg;Construction
316;word/4/317.jpg;Limited
317;word/4/318.jpg;maintenance
318;word/4/319.jpg;refurbishment
319;word/4/320.jpg;Ouch!
320;word/4/321.jpg;Boundary
321;word/4/322.jpg;Road
322;word/4/323.jpg;STOP
323;word/4/324.jpg;CLOCK
324;word/4/325.jpg;MUSEUM
325;word/4/326.jpg;TYMPERLEYS
326;word/4/327.jpg;Council
327;word/4/328.jpg;County
328;word/4/329.jpg;Essex
329;word/4/330.jpg;Libraries
330;word/4/331.jpg;&
331;word/4/332.jpg;BY
332;word/4/333.jpg;CAR
333;word/4/334.jpg;COLLECT
334;word/4/335.jpg;MARKS
335;word/4/336.jpg;Spencer
336;word/4/337.jpg;TO
337;word/4/338.jpg;WELCOME
338;word/4/339.jpg;H
339;word/4/340.jpg;Smith
340;word/4/341.jpg;W
341;word/4/342.jpg;Summer
342;word/4/343.jpg;HIGH
343;word/4/344.jpg;LION
344;word/4/345.jpg;RED
345;word/4/346.jpg;SHOPS
346;word/4/347.jpg;STREET
347;word/4/348.jpg;YARD
348;word/4/349.jpg;SUMMER
349;word/4/350.jpg;THE
350;word/4/351.jpg;WEATHER
351;word/4/352.jpg;WHATEVER
352;word/4/353.jpg;Here
353;word/4/354.jpg;M
354;word/4/355.jpg;Summer's
355;word/4/356.jpg;TM
356;word/4/357.jpg;&
357;word/4/358.jpg;Angus
358;word/4/359.jpg;Directory
359;word/4/360.jpg;E
360;word/4/361.jpg;GUIDE
361;word/4/362.jpg;J
362;word/4/363.jpg;Kennedy
363;word/4/364.jpg;Peter
364;word/4/365.jpg;ROUGH
365;word/4/366.jpg;Website
366;word/4/367.jpg;Bequet
367;word/4/368.jpg;Henry
368;word/4/369.jpg;Java
369;word/4/370.jpg;PROFESSIONAL
370;word/4/371.jpg;SOAP
371;word/4/372.jpg;WROX
372;word/4/373.jpg;form
373;word/4/374.jpg;J2SE
374;word/4/375.jpg;da
375;word/4/376.jpg;COLCHESTER
376;word/4/377.jpg;OFFICE
377;word/4/378.jpg;POST
378;word/4/379.jpg;BEER
379;word/4/380.jpg;GARDEN
380;word/4/381.jpg;gate
381;word/4/382.jpg;lock
382;word/4/383.jpg;Please
383;word/4/384.jpg;the
384;word/4/385.jpg;HOTEL
385;word/4/386.jpg;DENTAL
386;word/4/387.jpg;SURGERY
387;word/4/388.jpg;H
388;word/4/389.jpg;HOLSTEN
389;word/4/390.jpg;Lager
390;word/4/391.jpg;Pure
391;word/4/392.jpg;Associates
392;word/4/393.jpg;Care
393;word/4/394.jpg;FCA
394;word/4/395.jpg;Foster
395;word/4/396.jpg;MIDDLEBOROUGH
396;word/4/397.jpg;London
397;word/4/398.jpg;Royal
398;word/4/399.jpg;NHS
399;word/4/400.jpg;Connells
400;word/5/401.jpg;bank
401;word/5/402.jpg;HSBC
402;word/5/403.jpg;local
403;word/5/404.jpg;The
404;word/5/405.jpg;world's
405;word/5/406.jpg;Communications
406;word/5/407.jpg;House
407;word/5/408.jpg;Ltd
408;word/5/409.jpg;Office
409;word/5/410.jpg;Registered
410;word/5/411.jpg;Seatrade
411;word/5/412.jpg;Seatrade
412;word/5/413.jpg;1996
413;word/5/414.jpg;547
414;word/5/415.jpg;a
415;word/5/416.jpg;a
416;word/5/417.jpg;Act
417;word/5/418.jpg;can
418;word/5/419.jpg;causing
419;word/5/420.jpg;conviction
420;word/5/421.jpg;Council
421;word/5/422.jpg;County
422;word/5/423.jpg;criminal
423;word/5/424.jpg;Education
424;word/5/425.jpg;Essex
425;word/5/426.jpg;lead
426;word/5/427.jpg;Learning
427;word/5/428.jpg;nuisance
428;word/5/429.jpg;of
429;word/5/430.jpg;on
430;word/5/431.jpg;or
431;word/5/432.jpg;school
432;word/5/433.jpg;Section
433;word/5/434.jpg;Services
434;word/5/435.jpg;site
435;word/5/436.jpg;the
436;word/5/437.jpg;to
437;word/5/438.jpg;TRESPASSING
438;word/5/439.jpg;Under
439;word/5/440.jpg;WARNING
440;word/5/441.jpg;Yarmouth
441;word/5/442.jpg;(A12)
442;word/5/443.jpg;(A120)
443;word/5/444.jpg;A133
444;word/5/445.jpg;Clacton
445;word/5/446.jpg;Gt
446;word/5/447.jpg;Harwich
447;word/5/448.jpg;Ipswich
448;word/5/449.jpg;Ford
449;word/5/450.jpg;(A12)
450;word/5/451.jpg;2
451;word/5/452.jpg;2
452;word/5/453.jpg;Chelmsford
453;word/5/454.jpg;London
454;word/5/455.jpg;S
455;word/5/456.jpg;RENAULT
456;word/5/457.jpg;ALES
457;word/5/458.jpg;CASK
458;word/5/459.jpg;CONDITIONED
459;word/5/460.jpg;FOOD
460;word/5/461.jpg;GARDEN
461;word/5/462.jpg;GOOD
462;word/5/463.jpg;HOME
463;word/5/464.jpg;MADE
464;word/5/465.jpg;AHEAD
465;word/5/466.jpg;NEW
466;word/5/467.jpg;SIGNALS
467;word/5/468.jpg;TRAFFIC
468;word/5/469.jpg;A134
469;word/5/470.jpg;Centre
470;word/5/471.jpg;Town
471;word/5/472.jpg;ESSEX
472;word/5/473.jpg;ASDA
473;word/5/474.jpg;FOOD
474;word/5/475.jpg;PRONTO
475;word/5/476.jpg;PROPER
476;word/5/477.jpg;&
477;word/5/478.jpg;only
478;word/5/479.jpg;P
479;word/5/480.jpg;Park
480;word/5/481.jpg;Ride
481;word/5/482.jpg;Sats
482;word/5/483.jpg;car
483;word/5/484.jpg;park
484;word/5/485.jpg;Station
485;word/5/486.jpg;Information
486;word/5/487.jpg;Tickets
487;word/5/488.jpg;Trains
488;word/5/489.jpg;Ahead
489;word/5/490.jpg;Closed
490;word/5/491.jpg;Cycle
491;word/5/492.jpg;way
492;word/5/493.jpg;Colchester
493;word/5/494.jpg;INVESTMENTS
494;word/5/495.jpg;MORTGAGES
495;word/5/496.jpg;PENSIONS
496;word/5/497.jpg;AND
497;word/5/498.jpg;CHILDREN
498;word/5/499.jpg;CONSTRUCTION
499;word/5/500.jpg;DANGER
500;word/6/501.jpg;Injury
501;word/6/502.jpg;KEEP
502;word/6/503.jpg;KEEP
503;word/6/504.jpg;of
504;word/6/505.jpg;OUT
505;word/6/506.jpg;OUT!
506;word/6/507.jpg;Risk
507;word/6/508.jpg;Serious
508;word/6/509.jpg;SITE
509;word/6/510.jpg;YOUR
510;word/6/511.jpg;ASDA
511;word/6/512.jpg;and
512;word/6/513.jpg;Drivers
513;word/6/514.jpg;here
514;word/6/515.jpg;Office
515;word/6/516.jpg;report
516;word/6/517.jpg;stop
517;word/6/518.jpg;to
518;word/6/519.jpg;Warehouse
519;word/6/520.jpg;a
520;word/6/521.jpg;Ask!
521;word/6/522.jpg;Brolly?
522;word/6/523.jpg;Just
523;word/6/524.jpg;Need
524;word/6/525.jpg;ASDA
525;word/6/526.jpg;PROMISE
526;word/6/527.jpg;ASDA
527;word/6/528.jpg;Forever
528;word/6/529.jpg;Low
529;word/6/530.jpg;Permanently
530;word/6/531.jpg;Price
531;word/6/532.jpg;Prices
532;word/6/533.jpg;EIIR
533;word/6/534.jpg;MAIL
534;word/6/535.jpg;ROYAL
535;word/6/536.jpg;2002
536;word/6/537.jpg;COMMONWEALTH
537;word/6/538.jpg;GAMES
538;word/6/539.jpg;Manchester
539;word/6/540.jpg;THE
540;word/6/541.jpg;XVII
541;word/6/542.jpg;F
542;word/6/543.jpg;FOSTER'S
543;word/6/544.jpg;O
544;word/6/545.jpg;R
545;word/6/546.jpg;17
546;word/6/547.jpg;59
547;word/6/548.jpg;DRAUGHT
548;word/6/549.jpg;GUINNESS
549;word/6/550.jpg;TM
550;word/6/551.jpg;Corona
551;word/6/552.jpg;Extra
552;word/6/553.jpg;R
553;word/6/554.jpg;BEER
554;word/6/555.jpg;FROM
555;word/6/556.jpg;IMPORTED
556;word/6/557.jpg;MEXICO
557;word/6/558.jpg;Customer
558;word/6/559.jpg;Freephone
559;word/6/560.jpg;Hire
560;word/6/561.jpg;Private
561;word/6/562.jpg;Service
562;word/6/563.jpg;PEDESTRIANS
563;word/6/564.jpg;15
564;word/6/565.jpg;3
565;word/6/566.jpg;Tetley
566;word/6/567.jpg;U
567;word/6/568.jpg;(A12)
568;word/6/569.jpg;(A12)
569;word/6/570.jpg;(A120)
570;word/6/571.jpg;133
571;word/6/572.jpg;A
572;word/6/573.jpg;Centre
573;word/6/574.jpg;Chelmsford
574;word/6/575.jpg;Clacton
575;word/6/576.jpg;Gt
576;word/6/577.jpg;Harwich
577;word/6/578.jpg;Ipswich
578;word/6/579.jpg;Leisure
579;word/6/580.jpg;London
580;word/6/581.jpg;Rollerworld
581;word/6/582.jpg;Town
582;word/6/583.jpg;World
583;word/6/584.jpg;Yarmouth
584;word/6/585.jpg;Centre
585;word/6/586.jpg;Greenstead
586;word/6/587.jpg;Ipswich
587;word/6/588.jpg;Leisure
588;word/6/589.jpg;Road
589;word/6/590.jpg;Albert
590;word/6/591.jpg;Beefeater
591;word/6/592.jpg;The
592;word/6/593.jpg;Garages
593;word/6/594.jpg;Osborne
594;word/6/595.jpg;ISUZU
595;word/6/596.jpg;ORDER
596;word/6/597.jpg;YOUR
597;word/6/598.jpg;Central
598;word/6/599.jpg;M
599;word/6/600.jpg;O
600;word/7/601.jpg;T
601;word/7/602.jpg;Tyre
602;word/7/603.jpg;School
603;word/7/604.jpg;GOOD
604;word/7/605.jpg;YEAR
605;word/7/606.jpg;&
606;word/7/607.jpg;BED
607;word/7/608.jpg;BREAKFAST
608;word/7/609.jpg;H
609;word/7/610.jpg;T
610;word/7/611.jpg;W
611;word/7/612.jpg;SALOON
612;word/7/613.jpg;HAIR
613;word/7/614.jpg;FAX
614;word/7/615.jpg;DELIVERY
615;word/7/616.jpg;FREE
616;word/7/617.jpg;CORAL
617;word/7/618.jpg;Refill
618;word/7/619.jpg;RIVERSIDE
619;word/7/620.jpg;WALK
620;word/7/621.jpg;DARK
621;word/7/622.jpg;DISCOVER
622;word/7/623.jpg;SIDE
623;word/7/624.jpg;THE
624;word/7/625.jpg;£350
625;word/7/626.jpg;Airtours
626;word/7/627.jpg;Holidays
627;word/7/628.jpg;BANK
628;word/7/629.jpg;LLOYDS
629;word/7/630.jpg;Photo
630;word/7/631.jpg;Specialists
631;word/7/632.jpg;The
632;word/7/633.jpg;British
633;word/7/634.jpg;Cross
634;word/7/635.jpg;Red
635;word/7/636.jpg;Shop
636;word/7/637.jpg;Café
637;word/7/638.jpg;SACK
638;word/7/639.jpg;SAD
639;word/7/640.jpg;The
640;word/7/641.jpg;AGENTS
641;word/7/642.jpg;AGENTS
642;word/7/643.jpg;ESTATE
643;word/7/644.jpg;ESTATE
644;word/7/645.jpg;SAXONS
645;word/7/646.jpg;SAXONS
646;word/7/647.jpg;savers
647;word/7/648.jpg;Box
648;word/7/649.jpg;Stationery
649;word/7/650.jpg;DELL
650;word/7/651.jpg;8000
651;word/7/652.jpg;DELL
652;word/7/653.jpg;INSPIRON
653;word/7/654.jpg;ntl:
654;word/7/655.jpg;falling
655;word/7/656.jpg;hungry
656;word/7/657.jpg;knees
657;word/7/658.jpg;my
658;word/7/659.jpg;on
659;word/7/660.jpg;ADAPTER
660;word/7/661.jpg;Canon
661;word/7/662.jpg;CA-PS100
662;word/7/663.jpg;COMPACT
663;word/7/664.jpg;POWER
664;word/7/665.jpg;Canon
665;word/7/666.jpg;PowerShot
666;word/7/667.jpg;daily
667;word/7/668.jpg;FARNBOROUGH
668;word/7/669.jpg;flying
669;word/7/670.jpg;JULY
670;word/7/671.jpg;programme
671;word/7/672.jpg;2002
672;word/7/673.jpg;28
673;word/7/674.jpg;AIRSHOW
674;word/7/675.jpg;BAE
675;word/7/676.jpg;SYSTEMS
676;word/7/677.jpg;a
677;word/7/678.jpg;cities
678;word/7/679.jpg;Embassy
679;word/7/680.jpg;European
680;word/7/681.jpg;Foc
681;word/7/682.jpg;Kingdom
682;word/7/683.jpg;mexcio
683;word/7/684.jpg;Mexican
684;word/7/685.jpg;of
685;word/7/686.jpg;President
686;word/7/687.jpg;publication
687;word/7/688.jpg;the
688;word/7/689.jpg;the
689;word/7/690.jpg;to
690;word/7/691.jpg;United
691;word/7/692.jpg;UPDATE
692;word/7/693.jpg;visits
693;word/7/694.jpg;a
694;word/7/695.jpg;a
695;word/7/696.jpg;Benjamin
696;word/7/697.jpg;but
697;word/7/698.jpg;fool
698;word/7/699.jpg;Franklin
699;word/7/700.jpg;heart
700;word/8/701.jpg;heart
701;word/8/702.jpg;his
702;word/8/703.jpg;his
703;word/8/704.jpg;in
704;word/8/705.jpg;in
705;word/8/706.jpg;is
706;word/8/707.jpg;is
707;word/8/708.jpg;man
708;word/8/709.jpg;mouth
709;word/8/710.jpg;mouth
710;word/8/711.jpg;of
711;word/8/712.jpg;of
712;word/8/713.jpg;the
713;word/8/714.jpg;The
714;word/8/715.jpg;wise
715;word/8/716.jpg;2N
716;word/8/717.jpg;4b.522
717;word/8/718.jpg;Bostock
718;word/8/719.jpg;Dixon
719;word/8/720.jpg;GRADUATE
720;word/8/721.jpg;Jenny
721;word/8/722.jpg;Marisa
722;word/8/723.jpg;OFFICE
723;word/8/724.jpg;iiyama
724;word/8/725.jpg;AVERY
725;word/8/726.jpg;Folders
726;word/8/727.jpg;Guidex
727;word/8/728.jpg;MULTIMEDIA
728;word/8/729.jpg;PRO
729;word/8/730.jpg;PROJECTOR
730;word/8/731.jpg;SANYO
731;word/8/732.jpg;X
732;word/8/733.jpg;xtra
733;word/8/734.jpg;e
734;word/8/735.jpg;environments
735;word/8/736.jpg;Essex
736;word/8/737.jpg;g
737;word/8/738.jpg;group
738;word/8/739.jpg;i
739;word/8/740.jpg;i
740;word/8/741.jpg;inhabited
741;word/8/742.jpg;intelligent
742;word/8/743.jpg;of
743;word/8/744.jpg;University
744;word/8/745.jpg;DIGITAL
745;word/8/746.jpg;GROUP
746;word/8/747.jpg;Roland
747;word/8/748.jpg;hp
748;word/8/749.jpg;invent
749;word/8/750.jpg;R
750;word/8/751.jpg;mobile
751;word/8/752.jpg;No
752;word/8/753.jpg;phones
753;word/8/754.jpg;Microsoft
754;word/8/755.jpg;rbon
755;word/8/756.jpg;Dioxide
756;word/8/757.jpg;EQPT
757;word/8/758.jpg;Extinguisher
758;word/8/759.jpg;INVEN
759;word/8/760.jpg;NO
760;word/8/761.jpg;:Hansol
761;word/8/762.jpg;Caps
762;word/8/763.jpg;Lock
763;word/8/764.jpg;Loxk
764;word/8/765.jpg;Loxk
765;word/8/766.jpg;Num
766;word/8/767.jpg;Scroll
767;word/8/768.jpg;Viglen
768;word/8/769.jpg;CAREERS
769;word/8/770.jpg;RAF
770;word/8/771.jpg;77
771;word/8/772.jpg;CD
772;word/8/773.jpg;MATSUI
773;word/8/774.jpg;FLASH
774;word/8/775.jpg;POCKET
775;word/8/776.jpg;genie
776;word/8/777.jpg;4
777;word/8/778.jpg;inside
778;word/8/779.jpg;intel
779;word/8/780.jpg;pentium
780;word/8/781.jpg;books
781;word/8/782.jpg;in
782;word/8/783.jpg;last
783;word/8/784.jpg;The
784;word/8/785.jpg;WATERSTONE'S
785;word/8/786.jpg;word
786;word/8/787.jpg;D
787;word/8/788.jpg;Electrolux
788;word/8/789.jpg;ZANUSSI
789;word/8/790.jpg;NE-1027
790;word/8/791.jpg;Panasonic
791;word/8/792.jpg;fresh
792;word/8/793.jpg;semi
793;word/8/794.jpg;skimmed
794;word/8/795.jpg;DISTURB
795;word/8/796.jpg;DO
796;word/8/797.jpg;IM
797;word/8/798.jpg;NOT
798;word/8/799.jpg;PLEASE
799;word/8/800.jpg;RECOVERING!!
800;word/9/801.jpg;Henry
801;word/9/802.jpg;ECONOMY
802;word/9/803.jpg;JUICE
803;word/9/804.jpg;LIFE
804;word/9/805.jpg;LONG
805;word/9/806.jpg;ORANGE
806;word/9/807.jpg;s
807;word/9/808.jpg;Sainsbury
808;word/9/809.jpg;area!
809;word/9/810.jpg;entry
810;word/9/811.jpg;Estates
811;word/9/812.jpg;in
812;word/9/813.jpg;into
813;word/9/814.jpg;Management
814;word/9/815.jpg;No
815;word/9/816.jpg;operation
816;word/9/817.jpg;Permit
817;word/9/818.jpg;Section
818;word/9/819.jpg;system
819;word/9/820.jpg;this
820;word/9/821.jpg;to
821;word/9/822.jpg;unauthorised
822;word/9/823.jpg;work
823;word/9/824.jpg;Nightline
824;word/9/825.jpg;Accommodation
825;word/9/826.jpg;Nightline
826;word/9/827.jpg;Office
827;word/9/828.jpg;and
828;word/9/829.jpg;Colchester
829;word/9/830.jpg;Footpath
830;word/9/831.jpg;Greenstead
831;word/9/832.jpg;To
832;word/9/833.jpg;Campus
833;word/9/834.jpg;HIRE
834;word/9/835.jpg;LICENSED
835;word/9/836.jpg;PRIVATE
836;word/9/837.jpg;St
837;word/9/838.jpg;VEHICLE
838;word/9/839.jpg;2a
839;word/9/840.jpg;544444
840;word/9/841.jpg;Arthur
841;word/9/842.jpg;Colchester
842;word/9/843.jpg;FIVE
843;word/9/844.jpg;FOURS
844;word/9/845.jpg;TAXI
845;word/9/846.jpg;GYM
846;word/9/847.jpg;ARENA
847;word/9/848.jpg;AT
848;word/9/849.jpg;COLCHESTER
849;word/9/850.jpg;HEART
850;word/9/851.jpg;OF
851;word/9/852.jpg;THE
852;word/9/853.jpg;THE
853;word/9/854.jpg;TOWN!
854;word/9/855.jpg;LOUNGE
855;word/9/856.jpg;GENTLEMEN
856;word/9/857.jpg;LADIES
857;word/9/858.jpg;Helena
858;word/9/859.jpg;Room
859;word/9/860.jpg;St.
860;word/9/861.jpg;Constantine
861;word/9/862.jpg;Room
862;word/9/863.jpg;BAR
863;word/9/864.jpg;SIGNO
864;word/9/865.jpg;VINCES
865;word/9/866.jpg;baby's
866;word/9/867.jpg;book
867;word/9/868.jpg;word
868;word/9/869.jpg;animal
869;word/9/870.jpg;PUSH
870;word/9/871.jpg;PULL
871;word/9/872.jpg;Break
872;word/9/873.jpg;case
873;word/9/874.jpg;fire
874;word/9/875.jpg;glass
875;word/9/876.jpg;in
876;word/9/877.jpg;of
877;word/9/878.jpg;CONSTANTINE
878;word/9/879.jpg;TOYOTA
879;word/9/880.jpg;ARENA
880;word/9/881.jpg;LEISURE
881;word/9/882.jpg;LIMITED
882;word/9/883.jpg;Office
883;word/9/884.jpg;Registered
884;word/9/885.jpg;SERVICES
885;word/9/886.jpg;CARLING
886;word/9/887.jpg;B&H
887;word/9/888.jpg;STUDIO
888;word/9/889.jpg;admittance
889;word/9/890.jpg;Authorised
890;word/9/891.jpg;No
891;word/9/892.jpg;only
892;word/9/893.jpg;personnel
893;word/9/894.jpg;COLCHESTER
894;word/9/895.jpg;COKE
895;word/9/896.jpg;Diet
896;word/9/897.jpg;MARK
897;word/9/898.jpg;REFISTERED
898;word/9/899.jpg;TRADE
899;word/9/900.jpg;out
900;word/10/901.jpg;Way
901;word/10/902.jpg;EXIT
902;word/10/903.jpg;TAN
903;word/10/904.jpg;Telephone
904;word/10/905.jpg;HEALTH
905;word/10/906.jpg;Portakabin
906;word/10/907.jpg;Rayleigh
907;word/10/908.jpg;Centre
908;word/10/909.jpg;Greenwood
909;word/10/910.jpg;Health
910;word/10/911.jpg;House
911;word/10/912.jpg;BARCLAYS
912;word/10/913.jpg;Campus
913;word/10/914.jpg;Shop
914;word/10/915.jpg;Colgate
915;word/10/916.jpg;Fluoride
916;word/10/917.jpg;Toothpaste
917;word/10/918.jpg;GARNIER
918;word/10/919.jpg;LABORATOIRES
919;word/10/920.jpg;PANTENE
920;word/10/921.jpg;PRO-V
921;word/10/922.jpg;COOLMINT
922;word/10/923.jpg;LISTERINE
923;word/10/924.jpg;2nd
924;word/10/925.jpg;Edition
925;word/10/926.jpg;PROFESSIONAL
926;word/10/927.jpg;XML
927;word/10/928.jpg;Java
928;word/10/929.jpg;professional
929;word/10/930.jpg;Services
930;word/10/931.jpg;Web
931;word/10/932.jpg;-
932;word/10/933.jpg;-
933;word/10/934.jpg;ESPAÑOL
934;word/10/935.jpg;ESPAÑOL
935;word/10/936.jpg;INGLÉS
936;word/10/937.jpg;INGLÉS
937;word/10/938.jpg;FREEDOM
938;word/10/939.jpg;Robert
939;word/10/940.jpg;Just
940;word/10/941.jpg;to
941;word/10/942.jpg;let
942;word/10/943.jpg;u
943;word/10/944.jpg;Know
944;word/10/945.jpg;being
945;word/10/946.jpg;a
946;word/10/947.jpg;student
947;word/10/948.jpg;does
948;word/10/949.jpg;not
949;word/10/950.jpg;give
950;word/10/951.jpg;u
951;word/10/952.jpg;licence
952;word/10/953.jpg;to
953;word/10/954.jpg;live
954;word/10/955.jpg;like
955;word/10/956.jpg;a
956;word/10/957.jpg;tramp
957;word/10/958.jpg;!
958;word/10/959.jpg;u
959;word/10/960.jpg;may
960;word/10/961.jpg;not
961;word/10/962.jpg;appreciate
962;word/10/963.jpg;hygiene
963;word/10/964.jpg;but
964;word/10/965.jpg;others
965;word/10/966.jpg;do
966;word/10/967.jpg;!
967;word/10/968.jpg;WALLACE
968;word/10/969.jpg;MONUMENT
969;word/10/970.jpg;YOU
970;word/10/971.jpg;ARE
971;word/10/972.jpg;HERE
972;word/10/973.jpg;Gates
973;word/10/974.jpg;30
974;word/10/975.jpg;&
975;word/10/976.jpg;88
976;word/10/977.jpg;Emergency
977;word/10/978.jpg;exit
978;word/10/979.jpg;&
979;word/10/980.jpg;RYANAIR
980;word/10/981.jpg;D
981;word/10/982.jpg;DIESEL
982;word/10/983.jpg;DENIM
983;word/10/984.jpg;DIVISION
984;word/10/985.jpg;THE
985;word/10/986.jpg;WALLACE
986;word/10/987.jpg;SWORD
987;word/10/988.jpg;SCOTTISH
988;word/10/989.jpg;NATIONAL
989;word/10/990.jpg;GALLERY
990;word/10/991.jpg;MODERN
991;word/10/992.jpg;GLADSTONE
992;word/10/993.jpg;1898
993;word/10/994.jpg;1809
994;word/10/995.jpg;HALL
995;word/10/996.jpg;OF
996;word/10/997.jpg;HEROES
997;word/10/998.jpg;DOLLAR
998;word/10/999.jpg;GLEN
999;word/10/1000.jpg;AND
1000;word/11/1001.jpg;CASTLE
1001;word/11/1002.jpg;CAMPBELL
1002;word/11/1003.jpg;ANCIENT
1003;word/11/1004.jpg;MONUMENT
1004;word/11/1005.jpg;CASTLE
1005;word/11/1006.jpg;CAMPBELL
1006;word/11/1007.jpg;Sc
1007;word/11/1008.jpg;4
1008;word/11/1009.jpg;KN
1009;word/11/1010.jpg;RESERVED
1010;word/11/1011.jpg;FOR
1011;word/11/1012.jpg;CLUB
1012;word/11/1013.jpg;SECRETARY
1013;word/11/1014.jpg;DOLLAR
1014;word/11/1015.jpg;GOLF
1015;word/11/1016.jpg;CLUB
1016;word/11/1017.jpg;ADT
1017;word/11/1018.jpg;WEST
1018;word/11/1019.jpg;BURNSIDE
1019;word/11/1020.jpg;THE
1020;word/11/1021.jpg;DOLLAR
1021;word/11/1022.jpg;ARMS
1022;word/11/1023.jpg;CASTLE
1023;word/11/1024.jpg;CAMPBELL
1024;word/11/1025.jpg;No
1025;word/11/1026.jpg;footway
1026;word/11/1027.jpg;for
1027;word/11/1028.jpg;450
1028;word/11/1029.jpg;yds
1029;word/11/1030.jpg;Miralejo
1030;word/11/1031.jpg;STIRLING
1031;word/11/1032.jpg;CASTLE
1032;word/11/1033.jpg;ARGYLL'S
1033;word/11/1034.jpg;LODGINGS
1034;word/11/1035.jpg;ERSIT
1035;word/11/1036.jpg;OL
1036;word/11/1037.jpg;SEX
1037;word/11/1038.jpg;VOLVO
1038;word/11/1039.jpg;VOLVO
1039;word/11/1040.jpg;b
1040;word/11/1041.jpg;bjork
1041;word/11/1042.jpg;Homogenic
1042;word/11/1043.jpg;18
1043;word/11/1044.jpg;8
1044;word/11/1045.jpg;SMIRNOFF
1045;word/11/1046.jpg;jeanswear
1046;word/11/1047.jpg;moto
1047;word/11/1048.jpg;1l
1048;word/11/1049.jpg;BISON
1049;word/11/1050.jpg;ol.
1050;word/11/1051.jpg;VODKA
1051;word/11/1052.jpg;ZUBROWKA
1052;word/11/1053.jpg;CANCER
1053;word/11/1054.jpg;FOR
1054;word/11/1055.jpg;LIFE
1055;word/11/1056.jpg;RACE
1056;word/11/1057.jpg;RESEARCH
1057;word/11/1058.jpg;TESCO
1058;word/11/1059.jpg;UK
1059;word/11/1060.jpg;liquid
1060;word/11/1061.jpg;TESCO
1061;word/11/1062.jpg;up
1062;word/11/1063.jpg;VALUE
1063;word/11/1064.jpg;Washing
1064;word/11/1065.jpg;alarm
1065;word/11/1066.jpg;call
1066;word/11/1067.jpg;Fire
1067;word/11/1068.jpg;point
1068;word/11/1069.jpg;4B.522
1069;word/11/1070.jpg;4B.524
1070;word/11/1071.jpg;4B.526
1071;word/11/1072.jpg;4B.528
1072;word/11/1073.jpg;ARE
1073;word/11/1074.jpg;HERE
1074;word/11/1075.jpg;YOU
1075;word/11/1076.jpg;ACCESS
1076;word/11/1077.jpg;BAGGAGE
1077;word/11/1078.jpg;KNOW
1078;word/11/1079.jpg;TO
1079;word/11/1080.jpg;IIYama
1080;word/11/1081.jpg;USE
1081;word/11/1082.jpg;BOARDS
1082;word/11/1083.jpg;DRI-WIPE
1083;word/11/1084.jpg;MARKERS
1084;word/11/1085.jpg;ON
1085;word/11/1086.jpg;ONLY
1086;word/11/1087.jpg;THESE
1087;word/11/1088.jpg;2N
1088;word/11/1089.jpg;4.513B
1089;word/11/1090.jpg;Computing
1090;word/11/1091.jpg;DESK
1091;word/11/1092.jpg;HELP
1092;word/11/1093.jpg;Service
1093;word/11/1094.jpg;C.C.T.V.
1094;word/11/1095.jpg;IN
1095;word/11/1096.jpg;OPERATION
1096;word/11/1097.jpg;CIGARETTES
1097;word/11/1098.jpg;NO
1098;word/11/1099.jpg;ONLY
1099;word/11/1100.jpg;PAPER
1100;word/12/1101.jpg;PLEASE
1101;word/12/1102.jpg;ENTRY
1102;word/12/1103.jpg;FLASHING
1103;word/12/1104.jpg;IS
1104;word/12/1105.jpg;LIGHT
1105;word/12/1106.jpg;NO
1106;word/12/1107.jpg;RED
1107;word/12/1108.jpg;WHEN
1108;word/12/1109.jpg;Office
1109;word/12/1110.jpg;Overseas
1110;word/12/1111.jpg;Relations
1111;word/12/1112.jpg;DO
1112;word/12/1113.jpg;help
1113;word/12/1114.jpg;If
1114;word/12/1115.jpg;in
1115;word/12/1116.jpg;Information
1116;word/12/1117.jpg;intervals.
1117;word/12/1118.jpg;lift
1118;word/12/1119.jpg;NOT
1119;word/12/1120.jpg;NOTICE
1120;word/12/1121.jpg;PANIC.
1121;word/12/1122.jpg;please
1122;word/12/1123.jpg;PLEASE
1123;word/12/1124.jpg;press
1124;word/12/1125.jpg;SAFETY
1125;word/12/1126.jpg;second
1126;word/12/1127.jpg;sound
1127;word/12/1128.jpg;the
1128;word/12/1129.jpg;the
1129;word/12/1130.jpg;The
1130;word/12/1131.jpg;the
1131;word/12/1132.jpg;trapped
1132;word/12/1133.jpg;will
1133;word/12/1134.jpg;will
1134;word/12/1135.jpg;without
1135;word/12/1136.jpg;you
1136;word/12/1137.jpg;alarm
1137;word/12/1138.jpg;alarm
1138;word/12/1139.jpg;and
1139;word/12/1140.jpg;arrive
1140;word/12/1141.jpg;at
1141;word/12/1142.jpg;at
1142;word/12/1143.jpg;become
1143;word/12/1144.jpg;button
1144;word/12/1145.jpg;delay.
1145;word/12/1146.jpg;desk
1146;word/12/1147.jpg;4
1147;word/12/1148.jpg;EXIT
1148;word/12/1149.jpg;FLOOR
1149;word/12/1150.jpg;NIGHT
1150;word/12/1151.jpg;ON
1151;word/12/1152.jpg;TOILET
1152;word/12/1153.jpg;OF
1153;word/12/1154.jpg;ORDER
1154;word/12/1155.jpg;OUT
1155;word/12/1156.jpg;SORRY
